{"assets/fonts/Roboto-Bold.ttf":["assets/fonts/Roboto-Bold.ttf"],"assets/fonts/Roboto-Light.ttf":["assets/fonts/Roboto-Light.ttf"],"assets/fonts/Roboto-Regular.ttf":["assets/fonts/Roboto-Regular.ttf"],"assets/images/dinamo-fundo.jpg":["assets/images/dinamo-fundo.jpg"],"assets/images/one.jpg":["assets/images/one.jpg"],"assets/images/starter-image.jpg":["assets/images/starter-image.jpg"],"assets/images/three.jpg":["assets/images/three.jpg"],"assets/images/two.jpg":["assets/images/two.jpg"],"packages/cupertino_icons/assets/CupertinoIcons.ttf":["packages/cupertino_icons/assets/CupertinoIcons.ttf"]}