{"assets/fonts/Roboto-Bold.ttf":["assets/fonts/Roboto-Bold.ttf"],"assets/fonts/Roboto-Light.ttf":["assets/fonts/Roboto-Light.ttf"],"assets/fonts/Roboto-Regular.ttf":["assets/fonts/Roboto-Regular.ttf"],"assets/images/Dinamo-removebg.png":["assets/images/Dinamo-removebg.png"],"assets/images/Graphics/grafico30anos.png":["assets/images/Graphics/grafico30anos.png","assets/images/Graphics/3x/grafico30anos.png","assets/images/Graphics/2x/grafico30anos.png"],"assets/images/Graphics/graficoanaliseautoprodutor.png":["assets/images/Graphics/graficoanaliseautoprodutor.png","assets/images/Graphics/3x/graficoanaliseautoprodutor.png","assets/images/Graphics/2x/graficoanaliseautoprodutor.png"],"assets/images/Graphics/graficoanalisecarga.png":["assets/images/Graphics/graficoanalisecarga.png","assets/images/Graphics/3x/graficoanalisecarga.png","assets/images/Graphics/2x/graficoanalisecarga.png"],"assets/images/Graphics/graficoanaliseoffgride.png":["assets/images/Graphics/graficoanaliseoffgride.png","assets/images/Graphics/3x/graficoanaliseoffgride.png","assets/images/Graphics/2x/graficoanaliseoffgride.png"],"assets/images/Graphics/graficobalancoenergetico.png":["assets/images/Graphics/graficobalancoenergetico.png","assets/images/Graphics/3x/graficobalancoenergetico.png","assets/images/Graphics/2x/graficobalancoenergetico.png"],"assets/images/Graphics/graficoconsumomedio.png":["assets/images/Graphics/graficoconsumomedio.png","assets/images/Graphics/3x/graficoconsumomedio.png","assets/images/Graphics/2x/graficoconsumomedio.png"],"assets/images/app.png":["assets/images/app.png"],"assets/images/avatar.png":["assets/images/avatar.png"],"assets/images/dinamo-fundo.jpg":["assets/images/dinamo-fundo.jpg"],"assets/images/one.jpg":["assets/images/one.jpg"],"assets/images/starter-image.jpg":["assets/images/starter-image.jpg"],"assets/images/three.jpg":["assets/images/three.jpg"],"assets/images/two.jpg":["assets/images/two.jpg"],"packages/cupertino_icons/assets/CupertinoIcons.ttf":["packages/cupertino_icons/assets/CupertinoIcons.ttf"]}