[{"family":"MaterialIcons","fonts":[{"asset":"fonts/MaterialIcons-Regular.otf"}]},{"family":"Roboto","fonts":[{"asset":"assets/fonts/Roboto-Regular.ttf"},{"asset":"assets/fonts/Roboto-Bold.ttf"},{"asset":"assets/fonts/Roboto-Light.ttf"}]},{"family":"packages/cupertino_icons/CupertinoIcons","fonts":[{"asset":"packages/cupertino_icons/assets/CupertinoIcons.ttf"}]},{"family":"packages/font_awesome_flutter/FontAwesomeBrands","fonts":[{"weight":400,"asset":"packages/font_awesome_flutter/lib/fonts/fa-brands-400.ttf"}]},{"family":"packages/font_awesome_flutter/FontAwesomeRegular","fonts":[{"weight":400,"asset":"packages/font_awesome_flutter/lib/fonts/fa-regular-400.ttf"}]},{"family":"packages/font_awesome_flutter/FontAwesomeSolid","fonts":[{"weight":900,"asset":"packages/font_awesome_flutter/lib/fonts/fa-solid-900.ttf"}]}]